"","f","k","du","dv","y","x","target"
"1",0.099092652,0.036460808,4.57e-06,1.53e-05,50,50,0.060546875
"2",0.038730018,0.062210418,1.87e-05,2.87e-06,60,82,1.889648438
"3",0.073871918,0.041261409,1.55e-05,7.1e-06,36,66,0.05703125
"4",0.06938324,0.014772581,1.54e-05,2.84e-06,192,2,0.055664063
"5",0.000668046,0.019307097,3.57e-06,1.53e-05,0,14,0.09609375
"6",0.091634698,0.042946843,6.17e-06,9.01e-06,82,86,0.057421875
"7",0.093608487,0.035647359,3.33e-06,1.39e-05,86,28,0.06015625
"8",0.064391596,0.05965005,1.2e-06,1.92e-06,196,170,0.05546875
"9",0.113712952,0.001694164,9.93e-06,2.06e-06,30,156,0.0609375
"10",0.07725548,0.041947842,7.95e-06,1.93e-06,194,66,0.060546875
"11",0.041332998,0.063412212,1.84e-05,5.91e-06,118,150,1.171289063
"12",0.053508092,0.03490829,1.5e-05,1.28e-06,22,12,0.066796875
"13",0.123022655,0.025043491,1.84e-05,2.54e-06,94,58,0.057226563
"14",0.022430163,0.036671706,2.33e-06,2.91e-07,10,2,0.35078125
"15",0.046564226,0.038599847,9.58e-06,1.6e-06,74,62,0.057421875
"16",0.069316752,0.057044393,1.47e-05,8.16e-06,48,108,0.057421875
"17",0.105398265,0.034959101,6.73e-06,1.48e-05,78,36,0.060546875
"18",0.077132491,0.033061006,1.33e-05,6.99e-06,46,78,0.057421875
"19",0.123666682,0.011572491,1.32e-05,1.99e-06,60,148,0.058984375
"20",0.064115333,0.049859241,1.27e-05,2.08e-06,10,60,0.063867188
"21",0.073492709,0.024525499,6.56e-06,4.55e-06,12,62,0.05859375
"22",0.063499987,0.045240426,1.87e-05,6.16e-06,4,116,0.060546875
"23",0.083808215,0.050097998,1.57e-05,3.52e-06,136,76,0.058984375
"24",0.048474808,0.01319136,1.56e-05,1.63e-06,4,150,0.071289063
"25",0.134808598,0.008616111,7.01e-06,5.33e-06,6,112,0.06015625
"26",0.05218305,0.026433213,1.57e-05,3.39e-06,60,82,0.05703125
"27",0.047573369,0.050386881,1.47e-05,5.33e-06,4,122,0.061328125
"28",0.049381341,0.046733384,1.2e-05,1.1e-05,38,76,0.05859375
"29",0.051232547,0.052802444,1.97e-05,1.3e-05,84,70,0.05625
"30",0.111647104,0.018896452,3.58e-07,3.47e-06,48,112,0.057421875
"31",0.078492411,0.052935006,9.87e-06,6.61e-06,110,94,0.055859375
"32",0.11579302,0.01536983,6.22e-06,3.04e-06,84,14,0.058203125
"33",0.07275194,0.008860339,3.62e-06,2.36e-06,146,0,0.06328125
"34",0.023216418,0.01838641,1.49e-06,3.69e-07,76,74,0.0640625
"35",0.045027149,0.072710916,1.97e-05,4.76e-06,10,66,2.000976563
"36",0.020636785,0.052993541,1.16e-05,6.48e-06,144,98,0.774414063
"37",0.054167863,0.055840045,8.47e-06,1.91e-05,162,158,0.057421875
"38",0.050346812,0.026004133,1.46e-05,3.74e-06,30,46,0.058984375
"39",0.109910955,0.037238144,8.07e-06,1.09e-06,68,196,0.084375
"40",0.067085879,0.058085458,1.83e-05,1.04e-05,44,22,0.059375
"41",0.059160155,0.061512372,1.54e-05,2.98e-06,140,114,1.401953125
"42",0.113146517,0.035048009,9.63e-06,7.15e-06,106,84,0.05625
"43",0.002061631,0.015943764,1.98e-05,1.96e-05,16,40,0.080078125
"44",0.098443675,0.016423528,1.59e-05,1.66e-06,164,10,0.069335938
"45",0.0933937,0.036275977,1.24e-05,2.39e-06,110,76,0.05625
"46",0.043628637,0.063877665,9.04e-06,1.83e-06,52,166,2.494824219
"47",0.132661656,0.001130333,1.06e-05,2.74e-06,52,134,0.0578125
"48",0.058718667,0.050149485,2.02e-06,3.51e-06,92,62,0.056640625
"49",0.13895347,0.004467051,1.2e-05,5.55e-06,38,18,0.058203125
"50",0.039042541,0.045985437,1.71e-05,1.14e-05,66,4,0.059765625
"51",0.102884832,0.022916664,3.64e-06,1.54e-06,138,60,0.05703125
"52",0.05507836,0.042244768,1.73e-05,2.48e-06,16,44,0.06015625
"53",0.10275075,0.004536573,1.78e-06,1.46e-06,148,40,0.058984375
"54",0.102295421,0.033092192,6.53e-06,5.51e-06,104,14,0.059765625
"55",0.123018889,0.008881276,4.23e-06,7.95e-07,66,190,0.061328125
"56",0.06016852,0.048003065,5.84e-06,9.52e-07,80,82,0.0734375
"57",0.028374145,0.045521997,1.02e-05,1.06e-06,72,78,1.894335938
"58",0.004546463,0.015177134,1.55e-05,1.75e-06,2,98,0.065234375
"59",0.094990797,0.047406129,9.13e-06,1.23e-05,94,30,0.0609375
"60",0.130056759,0.007812081,1.9e-05,1.07e-05,28,44,0.058984375
"61",0.076062143,0.050586496,1.47e-05,6.53e-06,20,192,0.065234375
"62",0.08807372,0.050043958,7.87e-06,1.65e-05,190,92,0.0609375
"63",0.123266566,0.021488499,1.1e-05,1.4e-06,132,76,0.056640625
"64",0.076747875,0.053860239,1.94e-05,2.14e-06,178,68,1.870898438
"65",0.113571211,0.025524519,1.44e-05,9.01e-06,40,8,0.059765625
"66",0.079526161,0.035814308,1.12e-05,5.84e-06,44,42,0.0578125
"67",0.11944818,0.008340674,6.32e-06,1.18e-06,46,34,0.057421875
"68",0.058464457,0.039037409,1.89e-05,2.01e-06,182,34,0.066015625
"69",0.116794213,0.031483918,1.37e-05,4.9e-06,20,182,0.0640625
"70",0.126299477,0.011815953,8.96e-06,2.75e-06,92,56,0.055859375
"71",0.104668038,0.001073517,5.35e-06,3.87e-07,36,24,0.067773438
"72",0.094335032,0.031350528,2.96e-06,4.76e-06,118,28,0.059375
"73",0.068141668,0.06108977,1.55e-05,5.56e-06,184,194,0.64140625
"74",0.066975164,0.062353664,1.75e-05,3.95e-06,72,190,1.316992188
"75",0.073663051,0.048513465,3.53e-06,1.83e-06,82,84,0.0546875
"76",0.116492056,0.02339721,1.88e-05,3.51e-06,98,70,0.06328125
"77",0.082821878,0.026443505,8.58e-06,4.89e-07,108,118,0.08515625
"78",0.082155533,0.026392714,1.27e-05,3.39e-07,196,122,1.261914063
"79",0.115087427,0.004233932,2.66e-06,1.38e-06,48,26,0.05703125
"80",0.128057271,0.025243897,1.28e-05,1.11e-05,38,134,0.06015625
"81",0.048828185,0.054360423,8.66e-06,9.11e-06,42,194,0.06328125
"82",0.070020496,0.042821558,1.14e-05,1.05e-06,138,8,1.2140625
"83",0.054978587,0.056320416,8.6e-06,4.96e-06,102,64,0.05703125
"84",0.107526896,0.017296975,6.52e-06,2.47e-06,180,36,0.062109375
"85",0.061978547,0.024997748,1.14e-05,1.38e-06,72,72,0.063671875
"86",0.07309856,0.042391833,1.15e-05,8.94e-06,66,6,0.059375
"87",0.091058021,0.032718588,1.11e-05,8.62e-06,42,50,0.058203125
"88",0.069239722,0.044295941,4.38e-06,4.48e-06,98,4,0.059765625
"89",0.076834659,0.004255087,9.3e-06,3.03e-07,156,18,0.071289063
"90",0.005256111,0.031770063,1.87e-05,1.56e-06,196,48,1.459960938
"91",0.118014926,0.023974453,7.49e-07,3.68e-06,20,54,0.058203125
"92",0.069305647,0.044747185,2.04e-06,5.28e-06,142,28,0.0609375
"93",0.048040357,0.015816842,3.15e-06,5.11e-07,34,42,0.062109375
"94",0.000789664,0.011740474,2.91e-06,1.51e-05,66,0,0.071484375
"95",0.080227801,0.000992651,1.56e-05,3.13e-06,12,126,0.063085938
"96",0.009627681,0.043791503,1.4e-05,1.92e-06,92,40,1.719726563
"97",0.002432789,0.027605097,9.85e-07,1.19e-05,10,4,0.13515625
"98",0.093884565,0.000234104,1.42e-05,6.27e-06,14,4,0.06015625
"99",0.103189052,0.03929043,1.53e-05,6.05e-06,196,22,0.06484375
"100",0.063504289,0.020921761,7.37e-06,6.72e-06,32,18,0.059375
"101",0.029663637,0.013765628,6.4e-06,4.62e-07,14,92,0.079296875
"102",0.043095919,0.047572758,1.78e-05,8.53e-06,184,2,0.058398438
"103",0.055124724,0.03007132,1.46e-05,1.59e-06,184,48,0.065820313
"104",0.04467977,0.055118057,1.1e-05,1.64e-06,118,184,1.720117188
"105",0.072116382,0.05205932,3.36e-06,3.15e-06,188,40,0.062109375
"106",0.048521454,0.056691369,9.51e-06,4.8e-06,154,74,0.056640625
"107",0.016227696,0.036164378,5.56e-06,1.35e-06,162,58,0.069140625
"108",0.042574901,0.05564695,1.09e-05,7.75e-06,28,178,0.06328125
"109",0.055206839,0.043050351,1.95e-05,3.29e-06,64,14,0.059375
"110",0.062113865,0.054274688,4.72e-06,7.37e-06,86,56,0.060546875
"111",0.060410096,0.054381007,1.22e-05,4.04e-06,154,32,0.0609375
"112",0.019876431,0.046930691,1.8e-05,3.15e-06,64,130,0.909960938
"113",0.129876267,0.018470825,8.54e-06,5.48e-06,8,84,0.058984375
"114",0.059910669,0.05066352,1.73e-05,2.57e-06,76,18,0.465039063
"115",0.061131875,0.040649179,1.78e-05,5.14e-06,100,60,0.056835938
"116",0.10761034,0.037315785,1.07e-05,1.3e-05,102,76,0.0578125
"117",0.082406372,0.051943392,1.69e-05,1.01e-05,72,40,0.05859375
"118",0.043346178,0.007412236,4.15e-06,7.9e-07,162,46,0.061328125
"119",0.024487852,0.051659744,1.01e-05,2.43e-06,68,198,1.049023438
"120",0.127591602,0.02563997,1.82e-05,6.07e-06,112,28,0.058203125
"121",0.01359168,0.028540753,3.32e-06,1.51e-06,170,12,0.068554688
"122",0.030775029,0.056826749,1.57e-05,1.12e-05,82,144,0.640429688
"123",0.140996631,0.013039514,3.38e-06,3.61e-06,48,84,0.056640625
"124",0.079862556,0.059300014,1.72e-05,3.46e-06,162,28,1.412304688
"125",0.042504625,0.052874375,1.76e-05,1.56e-05,14,22,0.0609375
"126",0.070125065,0.030542531,3.44e-06,2.59e-06,72,50,0.05625
"127",0.02486821,0.020423959,1.1e-05,2.05e-06,28,182,0.06484375
"128",0.124410092,0.02375041,1.99e-05,3.71e-06,180,40,0.06484375
"129",0.055131908,0.05179552,1.12e-05,4.01e-06,36,8,0.058203125
"130",0.074741143,0.058815661,1.51e-05,1.34e-06,110,14,3.819433594
"131",0.002675011,0.019089919,4.74e-08,1.06e-05,72,0,0.077734375
"132",0.000264938,0.014159144,2.03e-06,1.59e-05,18,6,0.09140625
"133",0.002481151,0.026417648,1.03e-05,9.78e-07,96,66,1.705859375
"134",0.093963189,0.038091707,1.33e-05,2.25e-06,112,84,0.058398438
"135",0.088896749,0.043089159,1.11e-06,9.68e-06,22,182,0.063671875
"136",0.054617277,0.058400174,1.09e-05,4.12e-06,34,124,0.06015625
"137",0.145215706,0.007339492,5.39e-06,9.5e-06,18,36,0.06015625
"138",0.010143369,0.015109467,1.49e-06,1.83e-05,82,52,0.121875
"139",0.100016429,0.046707073,1.95e-05,3.15e-06,8,106,0.059375
"140",0.0925559,0.013929436,1.05e-05,3.72e-06,64,20,0.058203125
"141",0.06043652,0.011730058,1.19e-06,1.29e-06,0,72,0.059375
"142",0.100237637,0.023581676,5.78e-06,1.69e-06,46,170,0.059765625
"143",0.047468592,0.063814615,5.9e-06,2.87e-06,64,140,1.670703125
"144",0.079904717,0.050871051,9.28e-06,1.75e-05,68,58,0.061328125
"145",0.064692958,0.054497022,1.71e-05,1.47e-05,92,118,0.05625
"146",0.087139843,0.034855356,1.46e-05,7.09e-06,20,106,0.059375
"147",0.061990035,0.041296588,1.02e-05,1.78e-06,10,50,0.05859375
"148",0.115743216,0.011320426,8.82e-06,3.53e-06,4,178,0.065234375
"149",0.048816108,0.052541514,3.39e-06,1.94e-05,92,70,0.061328125
"150",0.060149758,0.049602222,2.85e-07,1.46e-05,92,38,0.061328125
"151",0.085459893,0.040345378,1.9e-05,5.34e-06,6,40,0.0578125
"152",0.015327656,0.036972986,2e-05,4.4e-06,42,10,0.062109375
"153",0.031830237,0.040029276,1.3e-05,3.14e-06,18,64,0.058984375
"154",0.085518314,0.03831496,1.79e-05,2.34e-06,116,88,0.059570313
"155",0.080538827,0.036461815,1.23e-05,2.42e-06,14,36,0.058203125
"156",0.080769701,0.063248361,1.67e-05,1.58e-06,46,160,3.59140625
"157",0.03266095,0.049678313,1.04e-05,5.28e-06,54,2,0.05859375
"158",0.11419211,0.015498946,8.64e-06,1.33e-06,42,194,0.063671875
"159",0.04224594,0.056316501,9.24e-06,5.64e-06,60,64,0.055859375
"160",0.089134561,0.011943438,1.14e-05,6.5e-06,16,66,0.05859375
"161",0.101762908,0.041339047,3.08e-06,8.55e-06,150,92,0.05703125
"162",0.15528671,0.003873638,1.68e-06,2.95e-06,24,130,0.059765625
"163",0.066601941,0.058195958,1.83e-05,9.52e-06,4,200,0.061914063
"164",0.13793266,0.019810288,1.06e-05,1.06e-06,10,54,0.079296875
"165",0.027989653,0.053076153,3.99e-06,2.82e-06,78,24,0.145117188
"166",0.047059413,0.032723082,1.29e-05,2.08e-06,44,132,0.060546875
"167",0.018865926,0.016896158,1.7e-05,2.65e-06,16,10,0.061328125
"168",0.109811525,0.034304735,1.39e-05,5.83e-06,64,88,0.055859375
"169",0.10223857,0.013666814,1.58e-05,7.5e-06,28,6,0.059765625
"170",0.009586447,0.009249648,1.46e-06,1.3e-05,2,10,0.076953125
"171",0.07029376,0.055003331,1.95e-05,1.16e-05,32,180,0.062890625
"172",0.085945001,0.050170564,1.81e-05,4.59e-06,34,108,0.059375
"173",0.025568833,0.038565982,1.79e-05,1.93e-06,158,60,0.07265625
"174",0.120928778,0.013622572,1.84e-05,6.89e-06,34,8,0.058984375
"175",0.144439825,0.009605362,1.17e-05,1.03e-06,8,162,0.074609375
"176",0.096402734,0.0202049,1.01e-05,1.37e-06,136,64,0.059765625
"177",0.073313342,0.047451517,2.5e-07,1.35e-05,16,164,0.062109375
"178",0.073294109,0.024402004,1.24e-05,3.76e-06,12,184,0.065234375
"179",0.083501079,0.026565177,9.92e-06,4.28e-06,6,36,0.05859375
"180",0.062934204,0.037713026,5.03e-07,3.56e-06,16,112,0.059375
"181",0.102768837,0.038888175,1.02e-05,1.98e-06,30,68,0.056640625
"182",0.048222859,0.052756016,1.82e-05,4.16e-06,98,104,0.058789063
"183",0.070479852,0.062875295,1.93e-05,4.52e-06,36,186,1.314453125
"184",0.110242478,0.01244569,6.14e-06,2.65e-06,74,58,0.055859375
"185",0.093692802,0.039868268,1.89e-05,4.96e-06,78,38,0.057421875
"186",0.007359435,0.032867254,1.22e-05,9.93e-07,110,36,1.904492188
"187",0.072159155,0.019584308,1.7e-05,4.05e-06,40,8,0.058203125
"188",0.09797187,0.044084652,1.92e-05,4.24e-06,10,62,0.0578125
"189",0.069100476,0.002427042,9.58e-06,3.21e-06,104,22,0.05859375
"190",0.064720764,0.057208394,1.05e-05,2.54e-06,194,32,0.954296875
"191",0.068901036,0.036136278,1.06e-05,4.37e-07,194,68,3.695703125
"192",0.113935831,0.034870115,3.12e-06,9.72e-06,26,172,0.062890625
"193",0.125284695,0.016818878,7.54e-06,3.7e-06,86,30,0.057421875
"194",0.106831628,0.026101719,1.43e-05,2.76e-06,8,166,0.064453125
"195",0.035183392,0.053846829,1.28e-05,1.27e-05,58,58,0.058984375
"196",0.090038531,0.026178818,4.28e-06,2.66e-06,158,32,0.0609375
"197",0.091555796,0.025362622,1.54e-05,4.49e-06,116,6,0.06015625
"198",0.059318906,0.039611276,1.44e-05,1.61e-06,22,50,0.0625
"199",0.003362271,0.007118579,2.42e-07,7.76e-06,62,74,0.077734375
"200",0.062909113,0.064945214,1.38e-05,1.39e-06,44,106,3.755371094
"201",0.043633886,0.057359838,1.63e-05,1.58e-06,82,56,2.479882813
"202",0.040191539,0.057916426,3.39e-06,1.76e-06,154,120,0.140234375
"203",0.067319406,0.016722689,1.93e-05,5.97e-06,34,2,0.059765625
"204",0.145018701,0.006891452,1.47e-05,1.19e-06,32,146,0.068554688
"205",0.117539004,0.029179567,5.04e-06,4.97e-06,98,106,0.055859375
"206",0.03843152,0.058159502,5.09e-06,2.88e-06,184,148,0.77890625
"207",0.034387529,0.029889048,1.96e-05,1.94e-06,50,86,0.061523438
"208",0.051788954,0.004604551,1.33e-05,2.18e-06,20,124,0.064648438
"209",0.13641389,0.015301144,1.31e-06,4.49e-06,28,14,0.058984375
"210",0.098783165,0.020322744,1.61e-05,2.68e-06,22,148,0.06171875
"211",0.044416888,0.048389002,5.56e-06,4.96e-06,24,26,0.05859375
"212",0.05159067,0.041779107,9.34e-06,2.86e-06,38,30,0.058203125
"213",0.081568121,0.01157081,7.34e-06,2.35e-06,74,52,0.05625
"214",0.117877051,0.031530743,8.6e-06,1.51e-05,172,32,0.062890625
"215",0.018768185,0.015219925,2.97e-07,2.75e-07,98,34,0.057421875
"216",0.070747787,0.054175433,1.66e-05,1.1e-06,166,6,3.960253906
"217",0.100953,0.034746456,1.24e-05,4.98e-06,24,30,0.0578125
"218",0.109413437,0.013264908,1.2e-05,1.61e-06,16,140,0.0625
"219",0.037634046,0.0572333,1.7e-05,1.48e-05,170,48,0.063671875
"220",0.121041552,0.024014078,3.69e-06,1.83e-06,66,182,0.058984375
"221",0.101699033,0.017631296,1.54e-05,3.53e-06,134,14,0.060546875
"222",0.129124106,0.017813617,5.06e-06,1.2e-05,32,74,0.059765625
"223",0.047496091,0.053876748,3.23e-06,1.59e-06,110,68,0.0578125
"224",0.113721965,0.027872194,6.87e-06,1.43e-05,14,56,0.060546875
"225",0.075017495,0.054938363,1.1e-05,1.23e-05,36,130,0.061328125
"226",0.076296,0.061518,1.71e-05,9.58e-07,90,18,0.00090042
"227",0.085744,0.055075,1.77e-05,1.1e-06,162,6,4.2817
"228",0.062907,0.094795,9.8e-06,1.03e-05,14,150,0
"229",0.091063,0.055304,1.74e-05,1.28e-06,162,50,4.1858
"230",0.079938,0.065253,4.92e-06,1.1e-06,144,10,0
"231",0.091316,0.055994,1.68e-05,1.33e-06,156,12,3.8497
"232",0.086393,0.055056,1.77e-05,9.62e-07,162,32,0.0029297
"233",0.11152,0.057943,1.77e-05,1.28e-07,158,12,0
"234",0.031588,0.072801,8.63e-06,1.34e-06,104,6,1.5488
"235",0.05068,0.065826,1.38e-05,1.52e-05,22,142,0
"236",0.087148,0.056005,1.82e-05,1.18e-06,158,26,4.3086
"237",0.087148,0.056005,1.82e-05,1.18e-06,158,26,4.2642
"238",0.11967,0.029331,1.74e-05,6.89e-06,100,60,0.056641
"239",0.078149,0.060162,1.65e-05,1.34e-06,156,88,3.5617
"240",0.089584,0.055144,1.81e-05,1.13e-06,78,76,0.0018361
"241",0.086483,0.055996,1.79e-05,1.18e-06,170,8,4.1714
"242",0.070815,0.062494,1.45e-05,1.44e-06,68,78,3.5336
"243",0.0024734,0.058319,1.82e-05,1.79e-06,164,160,0.1157
"244",0.13799,0.048806,1.32e-05,1.1e-06,136,10,0
"245",0.068575,0.056153,1.88e-05,1.12e-06,168,106,0
"246",0.10856,0.08045,1.62e-05,1.28e-06,178,136,0
"247",0.037846,0.071589,1.23e-05,1.39e-06,130,122,2.1119
"248",0.089194,0.055863,2.65e-06,1.22e-06,154,52,0
"249",0.072965,0.058334,1.68e-05,1.3e-06,134,38,3.5019
"250",0.067842,0.063838,1.56e-05,1.51e-06,60,128,3.5517
"251",0.10481,0.054549,1.82e-05,9.25e-07,146,26,0
"252",0.069321,0.062527,1.54e-05,1.43e-06,118,98,3.3404
"253",0.09932,0.054632,1.83e-05,1.21e-06,156,16,0
"254",0.098872,0.061623,1.59e-05,1.76e-05,52,132,0
"255",0.074534,0.071056,4.05e-06,1.34e-06,112,44,0
"256",0.16207,0.049293,1.82e-05,1.18e-06,78,90,0
"257",0.064714,0.067157,1.78e-05,1.1e-06,192,42,2.3253
"258",0.15429,0.064306,6.68e-06,3.57e-06,72,80,0
"259",0.10618,0.026246,1.67e-05,3.23e-06,46,2,0.057422
"260",0.085939,0.0475,1.75e-05,1.3e-06,154,52,3.072
"261",0.22682,0.0429,1.75e-05,1.28e-06,46,32,0
"262",0.067206,0.077714,1.48e-05,1.41e-06,52,120,2.0881
"263",0.15782,0.06537,1.73e-05,1.1e-06,162,10,0
"264",0.1951,0.010346,1.16e-05,7.81e-06,116,70,0
"265",0.12165,0.0051108,8.99e-06,1.96e-05,18,126,0
"266",0.078539,0.064409,1.24e-05,1.4e-06,50,54,3.8013
"267",0.11173,0.047508,1.75e-05,6.17e-06,114,74,0
"268",0.085985,0.057751,1.84e-05,1.3e-06,156,42,4.0989
"269",0.075996,0.046855,1.48e-05,1.4e-06,80,88,2.0467
"270",0.084362,0.074543,1.83e-05,1.29e-06,150,32,0
"271",0.023715,0.04813,1.11e-05,8.66e-06,82,0,0
"272",0.084726,0.025361,1.73e-05,1.1e-06,112,138,0
"273",0.067534,0.050059,1.81e-05,1.18e-06,168,60,3.1265
"274",0.082152,0.055558,1.66e-05,1.17e-06,162,26,3.8497
"275",0.13955,0.036165,4.63e-06,1.19e-05,70,166,0
"276",0.071767,0.063518,1.4e-05,1.4e-06,68,82,3.7287
"277",0.088578,0.056645,1.58e-05,1.32e-06,58,56,3.7109
"278",0.065506,0.06341,1.25e-05,1.41e-06,26,118,3.5657
"279",0.08333,0.073524,1.6e-05,1.33e-06,84,36,0
"280",0.13193,0.042186,1.74e-05,1.28e-06,14,114,0
"281",0.069581,0.056521,1.64e-05,1.32e-06,120,86,3.1014
"282",0.016207,0.092316,1.23e-05,1.37e-05,64,116,0
"283",0.12916,0.032376,1.14e-05,1.54e-05,102,88,0
"284",0.0928,0.055416,1.75e-05,1.3e-06,72,48,4.4883
"285",0.025205,0.046387,2.67e-06,1.24e-05,172,58,0
"286",0.085167,0.017661,1.82e-05,1.08e-05,192,138,0
"287",0.16316,0.029509,1.03e-05,9.81e-06,116,54,0
"288",0.089996,0.055591,1.73e-05,1.31e-06,112,60,4.0197
"289",0.1368,0.0062677,1.04e-05,1.54e-05,152,146,0
"290",0.18225,0.058172,1.39e-05,1.31e-05,20,46,0
"291",0.068689,0.06387,1.38e-05,1.42e-06,54,104,3.6555
"292",0.071292,0.056511,1.8e-05,1.3e-06,88,48,3.6194
"293",0.094623,0.055259,1.08e-05,1.29e-06,136,40,3.7784
"294",0.090355,0.056059,1.93e-05,1.29e-06,62,122,0.007645
"295",0.029891,0.040889,1.82e-05,1.19e-05,74,108,0
"296",0.089706,0.056156,1.59e-05,1.31e-06,160,56,3.8121
"297",0.073241,0.061046,1.3e-05,1.39e-06,22,128,3.6335
"298",0.24611,0.0014189,3.67e-06,1.92e-05,12,134,0
"299",0.068707,0.019695,1.77e-05,1.39e-05,162,50,0
"300",0.07985,0.055708,1.63e-05,1.33e-06,112,44,3.554
"301",0.070817,0.05878,1.45e-05,1.36e-06,68,68,3.432
"302",0.091958,0.055503,1.71e-05,1.31e-06,76,16,3.9166
"303",0.095591,0.05791,1.76e-05,1.3e-06,144,54,2.36e-05
"304",0.085353,0.055079,1.78e-05,1.29e-06,122,60,4.0598
"305",0.077374,0.015052,1.3e-05,1.03e-05,200,78,0
"306",0.077535,0.061534,1.41e-05,1.39e-06,26,62,3.7697
"307",0.12084,0.054911,1.52e-05,1.31e-06,30,58,0
"308",0.090698,0.054595,1.46e-05,1.3e-06,96,48,3.8781
"309",0.20887,0.019525,1.73e-05,2.88e-06,192,70,0
"310",0.18463,0.086677,1.96e-05,1.68e-05,80,200,0
"311",0.042585,0.054042,1.34e-05,1.3e-06,84,16,2.5939
"312",0.085681,0.06132,1.78e-05,1.16e-06,130,140,0.0057239
"313",0.087476,0.054866,1.77e-05,1.29e-06,160,38,4.1526
"314",0.07462,0.061107,1.27e-05,1.39e-06,58,66,3.6195
"315",0.074571,0.063273,1.36e-05,1.4e-06,42,28,3.7278
"316",0.20674,0.024105,1.27e-05,1.73e-05,88,182,0
"317",0.075766,0.06121,1.55e-05,1.4e-06,92,174,3.6997
"318",0.083043,0.052621,1.48e-05,1.3e-06,38,178,3.2919
"319",0.092647,0.052737,1.66e-05,1.31e-06,132,88,4.074
"320",0.076813,0.062641,1.49e-05,1.46e-06,152,142,3.6938
"321",0.075582,0.061849,1.56e-05,1.49e-06,50,158,3.4936
"322",0.066569,0.010496,1.4e-05,1.39e-06,12,76,0.0625
"323",0.098875,0.049896,1.67e-05,1.29e-06,130,50,4.0262
"324",0.084689,0.05684,1.76e-05,1.29e-06,80,26,3.8946
"325",0.090392,0.053121,1.44e-05,1.3e-06,130,48,3.9987
"326",0.08408,0.055978,1.66e-05,1.31e-06,110,12,3.7622
"327",0.079276,0.060661,1.55e-05,1.45e-06,80,142,3.0565
"328",0.04407,0.00074505,7.71e-06,2e-07,192,52,0
"329",0.080516,0.052687,1.7e-05,1.3e-06,136,62,3.335
"330",0.092659,0.052021,1.15e-05,1.29e-06,44,44,3.5656
"331",0.11911,0.05394,4.05e-06,1.29e-06,116,38,0
"332",0.078626,0.057342,1.28e-05,1.33e-06,74,66,3.4131
"333",0.099009,0.050688,1.57e-05,1.3e-06,92,46,3.8827
"334",0.021848,0.073741,1.96e-05,1.99e-05,192,190,0
"335",0.14804,0.081794,3.99e-06,1.44e-06,50,26,0
"336",0.092945,0.051408,1.73e-05,1.29e-06,50,66,4.0098
"337",0.091669,0.051256,1.65e-05,1.3e-06,124,136,3.7067
"338",0.11208,0.074013,2.73e-07,8.05e-06,112,168,0
"339",0.092475,0.053861,1.65e-05,1.33e-06,76,58,3.8967
"340",0.22156,0.046342,5.33e-06,1.74e-05,170,82,0
"341",0.076995,0.061103,1.5e-05,1.38e-06,42,70,3.6847
"342",0.087402,0.053752,1.58e-05,1.3e-06,74,74,3.79
"343",0.017777,0.0010549,1.83e-05,1.08e-05,106,190,0
"344",0.070585,0.052714,1.66e-05,1.19e-06,82,20,3.409
"345",0.084084,0.055808,1.87e-05,1.12e-06,146,10,4.6369
"346",0.087723,0.054358,1.22e-05,1.3e-06,138,72,3.6994
"347",0.076019,0.064327,1.38e-05,1.41e-06,58,112,3.5045
"348",0.092501,0.051085,1.39e-05,1.3e-06,114,108,4.0666
"349",0.093348,0.050979,1.2e-05,1.31e-06,166,74,3.3986
"350",0.082728,0.049716,1.11e-05,1.3e-06,90,96,2.5258
"351",0.083973,0.054834,1.84e-05,1.15e-06,180,58,3.9771
"352",0.080156,0.055313,1.54e-05,1.33e-06,92,60,3.3133
"353",0.093641,0.051834,1.63e-05,1.29e-06,118,52,4.0229
"354",0.065783,0.064656,1.46e-05,1.39e-06,78,142,3.7378
"355",0.083702,0.05315,1.43e-05,1.32e-06,48,124,3.2923
"356",0.085505,0.050922,1.75e-05,1.15e-06,166,56,3.538
"357",0.095226,0.056683,1.58e-05,1.31e-06,72,78,3.9269
"358",0.079646,0.086385,1.82e-05,4.55e-06,124,68,0
"359",0.076821,0.057537,1.84e-05,1.32e-06,188,66,3.6288
"360",0.094517,0.070475,7.81e-06,1.89e-05,188,152,0
"361",0.092061,0.051527,1.51e-05,1.31e-06,114,80,3.8312
"362",0.092409,0.054495,1.37e-05,1.29e-06,52,66,3.7832
"363",0.094382,0.07326,1.2e-05,3.63e-12,96,106,0
"364",0.12918,0.019678,5.1e-07,1.51e-05,16,94,0.060547
"365",0.17116,0.056672,1.58e-05,1.32e-06,128,48,0
"366",0.077197,0.058852,1.42e-05,1.4e-06,132,142,3.4095
"367",0.010393,0.076229,1.29e-05,9.19e-06,142,86,0
"368",0.076438,0.053706,1.75e-05,1.13e-06,156,12,4.0908
"369",0.096651,0.055677,1.17e-05,1.31e-06,40,80,0
"370",0.093166,0.052536,1.26e-05,1.28e-06,138,60,3.7363
"371",0.092572,0.051453,1.41e-05,1.28e-06,64,74,4.0598
"372",0.087445,0.053061,1.56e-05,1.31e-06,76,50,3.6313
"373",0.07004,0.063727,1.43e-05,1.41e-06,100,130,3.6723
"374",0.15586,0.0040795,9.02e-06,1.6e-05,122,58,0
"375",0.1305,0.0025358,1.83e-05,1.98e-05,178,28,0
"376",0.091566,0.055171,1.7e-05,1.29e-06,56,46,3.925
"377",0.093707,0.050205,1.72e-05,1.29e-06,84,50,4.025
"378",0.075039,0.010801,1.19e-05,6.2e-06,148,120,0
"379",0.13672,0.015565,3.39e-06,1.89e-07,104,194,0.06102
"380",0.17552,0.037305,1.83e-05,1.47e-05,32,40,0
"381",0.083217,0.05641,1.83e-05,1.25e-06,132,32,4.131
"382",0.056011,0.078996,1.94e-05,1.07e-05,42,148,0
"383",0.084223,0.054526,1.81e-05,1.15e-06,126,10,4.145
"384",0.087914,0.055473,1.22e-05,1.31e-06,136,36,3.6851
"385",0.093117,0.063284,1.75e-05,6.13e-06,72,128,0
"386",0.14771,0.061366,1.47e-05,1.42e-06,62,116,0
"387",0.081691,0.055229,1.76e-05,1.11e-06,138,20,4.1456
"388",0.2172,0.013217,2.6e-06,2.19e-06,176,40,0
"389",0.086721,0.051199,1.38e-05,1.28e-06,96,70,3.582
"390",0.006834,0.029439,9.46e-06,1.89e-05,14,100,0
"391",0.073472,0.051944,1.63e-05,1.14e-06,166,48,3.549
"392",0.06871,0.053776,5.94e-06,4.07e-07,114,112,0.37208
"393",0.076586,0.055744,1.78e-05,1.13e-06,112,10,4.1104
"394",0.091254,0.052522,1.12e-05,1.29e-06,132,26,3.4318
"395",0.072486,0.061628,1.57e-05,1.4e-06,58,138,3.558
"396",0.078605,0.060353,1.37e-05,1.33e-06,128,80,3.377
"397",0.06545,0.061174,1.48e-05,1.39e-06,52,122,3.2953
"398",0.075027,0.055107,1.63e-05,1.12e-06,134,14,3.849
"399",0.12358,0.047768,8.24e-06,1.65e-06,4,186,0
"400",0.15302,0.062923,2.17e-06,1.37e-05,136,26,0
"401",0.09372,0.05526,1.58e-05,1.3e-06,8,146,3.9426
"402",0.07707,0.057031,1.79e-05,1.32e-06,120,84,3.2581
"403",0.1644,0.063298,7.39e-06,1.99e-05,22,134,0
"404",0.093823,0.055345,1.54e-05,1.31e-06,116,124,3.844
"405",0.093552,0.05551,1.56e-05,1.31e-06,94,44,3.8282
"406",0.088384,0.055763,1.43e-05,1.29e-06,126,132,2.9639
"407",0.084984,0.055814,1.81e-05,1.12e-06,196,18,4.2816
"408",0.096469,0.050451,1.6e-05,1.29e-06,116,114,3.8537
"409",0.22515,0.034914,2.68e-06,1.64e-05,28,86,0
"410",0.1929,0.077768,6.79e-06,1.96e-06,2,26,0
"411",0.076197,0.05989,1.52e-05,1.36e-06,120,116,3.5459
"412",0.081442,0.058658,1.53e-05,1.39e-06,106,168,3.6785
"413",0.092663,0.053843,1.75e-05,1.3e-06,158,76,4.1379
"414",0.084872,0.055545,1.86e-05,1.16e-06,174,28,4.0551
"415",0.017892,0.055598,1.79e-05,1.31e-06,168,66,2.8602
"416",0.18495,0.059967,1.7e-06,6.64e-06,120,162,0
"417",0.092004,0.091247,1.39e-05,1.97e-06,126,198,0
"418",0.073764,0.055182,1.72e-05,1.21e-06,98,30,3.7323
"419",0.086184,0.039593,1.84e-05,1.3e-06,116,14,1.7498
"420",0.072275,0.063467,1.47e-05,1.4e-06,34,132,3.83
"421",0.21276,0.048039,1.72e-05,1.14e-05,188,178,0
"422",0.082877,0.057655,1.66e-05,1.34e-06,164,60,3.5814
"423",0.0882,0.052323,1.45e-05,1.34e-06,116,118,3.732
"424",0.092847,0.05356,1.37e-05,1.37e-06,140,146,3.7712
"425",0.093763,0.053151,1.48e-05,1.3e-06,168,156,3.8441
"426",0.070008,0.060668,1.61e-05,1.38e-06,82,92,3.448
"427",0.083331,0.056011,1.84e-05,1.11e-06,176,12,4.2475
"428",0.050067,0.095144,1.72e-06,6.95e-06,36,176,0
"429",0.089634,0.054322,1.73e-05,1.31e-06,62,76,4.2483
"430",0.091152,0.052795,1.57e-05,1.36e-06,148,160,3.6468
"431",0.094672,0.052906,1.47e-05,1.3e-06,30,98,3.9683
"432",0.086184,0.056381,1.82e-05,1.33e-06,182,16,4.1322
"433",0.091432,0.052471,1.68e-05,1.3e-06,164,14,4.1329
"434",0.080497,0.056973,1.46e-05,1.35e-06,32,108,3.5777
"435",0.083156,0.054908,1.7e-05,1.22e-06,116,24,3.9113
"436",0.092943,0.05331,1.57e-05,1.32e-06,108,150,4.1195
"437",0.08582,0.052844,1.81e-05,1.26e-06,128,8,3.9776
"438",0.094306,0.045664,1.53e-05,1.3e-06,90,142,2.6313
"439",0.084967,0.054934,1.8e-05,1.25e-06,184,48,3.9944
"440",0.089763,0.053651,1.75e-05,1.29e-06,168,76,4.1174
"441",0.12685,0.038278,1.8e-05,1.1e-06,160,8,0
"442",0.15334,0.0022396,1.35e-05,3.76e-06,30,100,0.057813
"443",0.091176,0.053932,1.49e-05,1.3e-06,28,198,3.7431
"444",0.16465,0.054637,1.36e-06,9.17e-06,162,128,0
"445",0.0042862,0.074432,1.57e-05,1.09e-06,2,78,0.237
"446",0.044592,0.052412,1.84e-05,1.3e-06,150,96,2.3043
"447",0.09176,0.053229,1.76e-05,1.3e-06,108,28,3.9783
"448",0.075286,0.05705,1.4e-05,1.34e-06,50,24,3.4912
"449",0.095003,0.053033,1.42e-05,1.32e-06,162,104,3.8135
"450",0.093329,0.052167,1.47e-05,1.34e-06,52,182,3.8968
"451",0.093519,0.054281,1.52e-05,1.34e-06,112,148,3.8491
"452",0.090696,0.052159,1.36e-05,1.31e-06,168,152,3.8391
"453",0.0035769,0.024482,9.61e-06,9.9e-06,110,12,0
"454",0.072227,0.059086,1.57e-05,1.34e-06,82,90,3.2906
"455",0.078672,0.056045,1.79e-05,1.18e-06,196,52,3.8307
"456",0.088495,0.049984,1.16e-05,1.28e-06,52,52,2.8344
"457",0.075829,0.064126,1.6e-05,1.55e-06,66,132,3.5559
"458",0.19091,0.072443,1.62e-05,1.22e-05,102,54,0
"459",0.073537,0.054776,1.76e-05,1.11e-06,194,70,3.4499
"460",0.030751,0.02627,1.05e-05,2.22e-06,110,138,0
"461",0.085981,0.052853,1.66e-05,1.23e-06,158,82,4.1583
"462",0.088541,0.054085,1.69e-05,1.37e-06,158,92,3.8026
"463",0.081616,0.058502,1.41e-05,1.38e-06,82,18,3.6785
"464",0.092056,0.054952,1.08e-05,1.33e-06,172,66,3.5168
"465",0.091333,0.053032,1.67e-05,1.28e-06,158,120,4.1184
"466",0.094165,0.053937,1.41e-05,1.28e-06,106,74,3.8404
"467",0.085225,0.053983,1.32e-05,1.36e-06,118,14,3.4233
"468",0.090342,0.056896,1.16e-05,1.36e-06,70,38,3.7502
"469",0.082463,0.056171,1.8e-05,1.14e-06,188,16,4.1733
"470",0.14012,0.032049,1.74e-05,5e-06,38,22,0
"471",0.083771,0.057766,1.21e-05,1.39e-06,116,98,3.335
"472",0.092008,0.05423,1.55e-05,1.31e-06,124,102,3.8406
"473",0.07755,0.057738,1.52e-05,1.37e-06,100,150,3.3051
"474",0.093811,0.052272,1.51e-05,1.28e-06,122,122,3.9344
"475",0.074243,0.063565,1.5e-05,1.38e-06,158,162,1.678
"476",0.085392,0.056584,1.78e-05,1.31e-06,164,20,3.9834
"477",0.090234,0.052094,1.28e-05,1.34e-06,82,56,3.6678
"478",0.085778,0.056054,1.84e-05,1.12e-06,156,22,0.0024617
"479",0.091518,0.052974,1.65e-05,1.32e-06,64,12,4.1324
"480",0.237,0.066453,8.07e-06,2.98e-06,96,108,0
"481",0.057495,0.079473,8.63e-06,1.72e-05,86,102,0
"482",0.0912,0.064642,1.51e-05,1.3e-06,26,140,0
"483",0.086126,0.053395,1.48e-05,1.3e-06,12,48,3.7986
"484",0.094268,0.052956,1.58e-05,1.3e-06,48,64,3.8176
"485",0.093022,0.054137,1.64e-05,1.28e-06,82,156,4.0427
"486",0.12749,0.050472,1.13e-05,1.82e-05,50,78,0
"487",0.087504,0.055332,1.79e-05,1.2e-06,178,80,4.0903
"488",0.026977,0.019464,4.47e-06,5.59e-06,74,52,0
"489",0.080097,0.054171,1.89e-05,1.17e-06,146,42,3.7085
"490",0.079307,0.046796,1.79e-05,1.1e-06,140,8,3.6146
"491",0.076319,0.058611,1.59e-05,1.39e-06,12,108,3.658
"492",0.094367,0.054795,1.6e-05,1.32e-06,32,124,3.8355
"493",0.088961,0.060149,1.77e-05,1.88e-06,166,42,3.1722
"494",0.086112,0.053928,1.69e-05,1.12e-06,112,48,4.1769
"495",0.077229,0.054374,1.96e-05,1.16e-06,146,8,0
"496",0.081919,0.054137,1.61e-05,1.12e-06,98,56,3.8138
"497",0.084554,0.053224,1.52e-05,1.18e-06,16,40,3.9185
"498",0.072594,0.06238,1.27e-05,1.41e-06,38,18,3.6494
"499",0.084711,0.053263,1.67e-05,1.1e-06,134,52,3.8518
"500",0.08394,0.053749,1.69e-05,1.18e-06,142,90,3.6249
"501",0.086739,0.05543,1.62e-05,1.19e-06,134,84,3.3825
"502",0.0787,0.053381,1.72e-05,1.15e-06,118,16,4.051
"503",0.092659,0.052999,1.57e-05,1.31e-06,66,72,4.0377
"504",0.094894,0.052838,1.55e-05,1.29e-06,64,162,3.9461
"505",0.067606,0.050359,1.65e-05,1.3e-06,52,46,2.6838
"506",0.089219,0.052423,1.65e-05,1.32e-06,64,106,4.1662
"507",0.085315,0.054762,1.74e-05,1.19e-06,108,38,4.229
"508",0.093002,0.0066234,4.43e-06,1.92e-05,110,188,0
"509",0.083064,0.054419,1.77e-05,1.11e-06,146,8,4.286
"510",0.085928,0.054465,1.66e-05,1.32e-06,90,102,3.6621
"511",0.099213,0.051638,1.47e-05,1.3e-06,134,102,3.8507
"512",0.092469,0.052348,1.57e-05,1.31e-06,174,122,4.1599
"513",0.089945,0.05233,1.44e-05,1.31e-06,164,106,3.7765
"514",0.083838,0.05527,1.9e-05,1.19e-06,108,122,3.9666
"515",0.082084,0.0405,1.42e-05,1.36e-06,132,94,0.074023
"516",0.091084,0.054043,1.57e-05,1.29e-06,152,100,3.7209
"517",0.079495,0.053947,1.77e-05,1.19e-06,160,176,2.4822
"518",0.082772,0.055798,1.66e-05,1.26e-06,48,104,3.7778
"519",0.089297,0.053811,1.67e-05,1.27e-06,106,118,3.9553
"520",0.026123,0.0062313,1.1e-05,1.49e-05,10,132,0
"521",0.011612,0.018128,9.32e-06,1.38e-05,48,132,0
"522",0.0048013,0.029902,4.27e-06,1.63e-05,110,82,0
"523",0.084024,0.054274,1.87e-05,1.19e-06,146,46,3.9435
"524",0.085132,0.055367,1.72e-05,1.3e-06,68,40,3.7396
"525",0.084352,0.053644,1.6e-05,1.25e-06,130,78,3.4106
"526",0.077598,0.053585,1.76e-05,1.18e-06,160,18,4.03
"527",0.082379,0.056111,1.89e-05,1.17e-06,162,116,4.0182
"528",0.032665,0.05122,1.87e-05,1.92e-06,120,38,1.6035
"529",0.086269,0.034133,1.39e-05,2.9e-06,100,96,0.056641
"530",0.23323,0.092483,1.53e-05,1.67e-06,44,32,0
"531",0.083038,0.054327,1.81e-05,1.18e-06,130,16,4.033
"532",0.088291,0.053657,1.64e-05,1.27e-06,86,42,4.0711
"533",0.067534,0.032031,1.73e-06,1.04e-05,194,156,0
"534",0.13621,0.055778,9.42e-06,1.11e-06,148,40,0
"535",0.040018,0.029937,1.93e-05,9.29e-06,46,174,0
"536",0.12396,0.079766,1.29e-05,1.74e-05,38,70,0
"537",0.080163,0.054867,1.88e-05,1.11e-06,124,18,0
"538",0.11354,0.079703,1.71e-05,1.22e-05,70,118,0
"539",0.087927,0.05521,1.57e-05,1.32e-06,56,100,3.8673
"540",0.077616,0.055208,1.71e-05,1.1e-06,142,18,4.0521
"541",0.076166,0.060024,1.46e-05,1.39e-06,108,104,3.5358
"542",0.21969,0.041544,5.86e-06,1.23e-05,176,180,0
"543",0.20444,0.020694,1.18e-05,1.67e-05,188,120,0
"544",0.064661,0.055245,1.44e-05,1.22e-06,32,168,3.1854
"545",0.092593,0.053435,1.3e-05,1.32e-06,136,194,3.6113
"546",0.091012,0.053982,1.37e-05,1.33e-06,140,60,3.7478
"547",0.093483,0.054662,1.74e-05,1.29e-06,94,74,4.4118
"548",0.097024,0.053655,1.62e-05,1.31e-06,50,152,4.0085
"549",0.070826,0.013851,1.67e-05,1.54e-05,104,180,0
"550",0.096145,0.053284,1.75e-05,1.3e-06,74,74,4.3074
"551",0.091024,0.051341,1.22e-05,1.3e-06,82,96,3.5076
"552",0.087221,0.053514,1.73e-05,1.18e-06,122,22,4.1386
"553",0.091424,0.052998,1.32e-05,1.31e-06,106,74,3.6549
"554",0.086022,0.053112,1.68e-05,1.09e-06,58,8,4.4226
"555",0.093225,0.054634,1.85e-05,1.3e-06,80,66,4.0055
"556",0.092307,0.052689,1.44e-05,1.32e-06,136,162,4.0621
"557",0.089486,0.053955,1.55e-05,1.33e-06,54,164,3.8238
"558",0.092934,0.053667,1.67e-05,1.3e-06,32,98,3.8999
"559",0.093701,0.051384,1.48e-05,1.31e-06,60,138,4.0892
"560",0.064919,0.063845,1.38e-05,1.41e-06,62,56,3.5396
"561",0.06721,0.0639,1.47e-05,1.43e-06,28,124,3.6446
"562",0.085914,0.052246,1.6e-05,1.3e-06,94,122,3.0717
"563",0.082874,0.054627,1.79e-05,1.12e-06,134,24,4.1699
"564",0.058028,0.055808,1.2e-05,1.75e-05,96,90,0.061328
"565",0.099096,0.053108,1.58e-05,1.31e-06,178,124,0
"566",0.084368,0.055218,1.72e-05,1.23e-06,88,138,4.0126
"567",0.084309,0.055084,1.61e-05,1.11e-06,76,8,4.1248
"568",0.040292,0.05174,1.56e-05,1.31e-06,94,112,2.1205
"569",0.081604,0.054528,1.71e-05,1.16e-06,110,80,3.6805
"570",0.084481,0.056619,1.34e-05,1.34e-06,46,44,3.5148
"571",0.072925,0.042235,1.6e-05,1.31e-06,154,70,1.3264
"572",0.079338,0.055458,2.55e-06,1.77e-05,160,94,0
"573",0.2479,0.071242,4.44e-07,1.04e-06,70,14,0
"574",0.09032,0.050941,1.49e-05,1.31e-06,154,184,3.5671
"575",0.075929,0.062249,1.38e-05,1.43e-06,24,154,3.6286
"576",0.14008,0.025263,1.86e-05,1.6e-05,168,20,0
"577",0.094004,0.052149,1.58e-05,1.29e-06,86,56,3.9928
"578",0.086024,0.052722,1.68e-05,1.1e-06,94,38,4.0957
"579",0.020389,0.038738,1.57e-05,1.08e-05,146,16,0
"580",0.090892,0.052983,1.47e-05,1.32e-06,128,154,3.9
"581",0.084844,0.054204,1.85e-05,1.3e-06,166,44,3.8801
"582",0.093537,0.053775,1.65e-05,1.3e-06,76,100,4.0317
"583",0.00056364,0.015019,1.62e-06,4.58e-06,28,82,0.10273
"584",0.095134,0.052378,1.45e-05,1.31e-06,92,70,3.9016
"585",0.09242,0.053657,1.56e-05,1.31e-06,32,116,3.7725
"586",0.088716,0.055446,1.09e-05,1.36e-06,112,124,3.4908
"587",0.084247,0.058751,2.07e-06,1.12e-06,90,144,0
"588",0.084472,0.054611,1.71e-05,1.12e-06,32,10,4.3471
"589",0.012463,0.0026716,5.81e-06,1.4e-05,176,34,0
"590",0.086522,0.053917,1.69e-05,1.13e-06,60,10,4.2586
"591",0.08759,0.054013,1.77e-05,1.19e-06,164,26,4.2285
"592",0.08769,0.052578,8.58e-06,1.12e-06,100,42,3.1348
"593",0.085632,0.053107,1.65e-05,1.22e-06,62,140,4.0228
"594",0.089219,0.052733,1.43e-05,1.27e-06,120,42,3.949
"595",0.068355,0.05569,1.64e-05,1.11e-06,122,24,3.7058
"596",0.09687,0.050842,1.66e-05,1.3e-06,96,78,3.9659
"597",0.082596,0.052844,1.62e-05,1.11e-06,36,26,4.0337
"598",0.086905,0.054159,1.41e-05,1.18e-06,128,42,3.9826
"599",0.076676,0.059199,1.38e-05,1.38e-06,42,134,3.5328
"600",0.036885,0.086204,1.32e-06,7.6e-06,24,96,0
"601",0.096158,0.05331,1.64e-05,1.29e-06,38,94,3.9891
"602",0.076355,0.05163,1.59e-05,1.31e-06,64,80,2.9221
"603",0.089098,0.054349,1.51e-05,1.33e-06,94,174,3.8449
"604",0.08164,0.054163,1.8e-05,1.1e-06,178,32,3.8032
"605",0.086796,0.055472,1.82e-05,1.31e-06,164,158,4.0421
"606",0.12763,0.047248,5.1e-06,1.3e-06,94,180,0
"607",0.086003,0.053486,1.54e-05,1.18e-06,78,44,4.1802
"608",0.094015,0.051298,1.43e-05,1.33e-06,158,188,3.8519
"609",0.084425,0.053833,1.51e-05,1.18e-06,46,108,4.1767
"610",0.084602,0.05302,1.62e-05,1.29e-06,24,138,3.6988
"611",0.084427,0.055057,1.75e-05,1.09e-06,154,50,4.0507
"612",0.084427,0.055057,1.75e-05,1.09e-06,154,50,4.0723
"613",0.084483,0.05363,1.64e-05,1.19e-06,42,92,3.9295
"614",0.046083,0.045946,1.41e-06,4.56e-06,188,116,0
"615",0.089427,0.053342,1.58e-05,1.27e-06,70,144,3.9222
"616",0.089757,0.056547,1.62e-05,1.33e-06,130,68,3.8242
"617",0.085694,0.062893,1.62e-05,1.18e-06,140,42,0.79077
"618",0.081721,0.053943,1.71e-05,1.12e-06,112,30,4.018
"619",0.084413,0.056039,1.65e-05,1.11e-06,180,14,4.2542
"620",0.084949,0.052947,1.61e-05,1.12e-06,56,124,3.752
"621",0.24041,0.024086,1.26e-05,1.01e-05,50,146,0
"622",0.084051,0.052537,1.71e-05,1.12e-06,100,18,4.116
"623",0.15231,0.063236,2.04e-06,1.4e-05,192,136,0
"624",0.082585,0.055498,1.76e-05,1.18e-06,164,46,4.0798
"625",0.079127,0.057869,1.5e-05,1.35e-06,90,40,3.4695
"626",0.15901,0.053796,1.82e-05,1.12e-06,82,28,0
"627",0.086868,0.054887,1.78e-05,1.25e-06,176,86,4.059
"628",0.087606,0.051587,1.57e-05,1.31e-06,166,100,2.8898
"629",0.086335,0.054,1.45e-05,1.19e-06,28,66,4.1033
"630",0.079329,0.054669,1.74e-05,1.2e-06,172,68,3.5769
"631",0.090998,0.053391,1.65e-05,1.31e-06,54,186,3.9314
"632",0.089085,0.053694,1.5e-05,1.23e-06,62,108,3.9646
"633",0.07346,0.054707,1.7e-05,1.22e-06,152,100,3.0874
"634",0.091041,0.052363,1.57e-05,1.31e-06,82,96,4.4353
"635",0.07973,0.053754,1.65e-05,1.13e-06,42,34,3.9477
"636",0.084922,0.054548,1.75e-05,1.1e-06,174,2,4.2908
"637",0.094921,0.05424,1.49e-05,1.31e-06,82,140,3.87
"638",0.077471,0.063271,1.56e-05,1.52e-06,42,188,3.5231
"639",0.074841,0.053638,1.61e-05,1.23e-06,90,112,3.0518
"640",0.027203,0.08362,4.3e-07,2.29e-06,52,80,0
"641",0.068762,0.023411,1.44e-06,1.34e-05,182,150,0
"642",0.092627,0.055034,1.74e-05,1.3e-06,84,82,4.4784
"643",0.081946,0.054963,1.79e-05,1.17e-06,136,28,4.061
"644",0.076664,0.05455,1.68e-05,1.13e-06,104,80,3.7261
"645",0.088247,0.052183,1.54e-05,1.22e-06,52,136,4.1747
"646",0.24369,0.09772,1.37e-05,1.13e-06,194,182,0
"647",0.087494,0.053121,1.59e-05,1.12e-06,34,56,3.9575
"648",0.08423,0.05315,1.66e-05,1.14e-06,130,44,3.8244
"649",0.15185,0.0047731,1.7e-05,1.19e-05,76,54,0
"650",0.083213,0.053569,7.72e-06,1.3e-06,166,142,1.0334
"651",0.02495,0.029567,1.55e-05,5.77e-06,76,174,0
"652",0.087963,0.053795,1.47e-05,1.21e-06,30,58,3.9182
"653",0.083998,0.053351,1.53e-05,1.22e-06,58,124,3.4943
"654",0.16759,0.065031,6.39e-06,7.27e-06,178,120,0
"655",0.076342,0.099447,1.42e-05,1.41e-06,182,144,0
"656",0.086698,0.052534,1.5e-05,1.17e-06,48,100,4.0896
"657",0.084111,0.055374,1.8e-05,1.17e-06,200,60,4.1286
"658",0.085939,0.054503,1.65e-05,1.11e-06,48,44,4.2691
"659",0.086477,0.055865,1.51e-05,1.25e-06,44,156,3.9147
"660",0.098063,0.049723,1.45e-05,1.29e-06,126,72,3.8604
"661",0.087139,0.055173,1.57e-05,1.3e-06,54,160,3.7536
"662",0.084233,0.054212,1.74e-05,1.18e-06,166,18,4.1246
"663",0.23132,0.054064,1.78e-05,1.57e-05,26,36,0
"664",0.17294,0.078842,3.78e-06,1.69e-06,178,100,0
"665",0.096862,0.048949,1.74e-05,1.29e-06,8,130,3.6993
"666",0.0035807,0.043637,2.78e-06,1.52e-06,34,140,0
"667",0.090448,0.026654,1.28e-05,1.28e-06,108,88,0.060547
"668",0.088732,0.054223,1.61e-05,1.22e-06,26,70,3.9366
"669",0.069743,0.055986,1.62e-05,1.11e-06,120,56,3.592
"670",0.2225,0.060324,1.74e-05,1.3e-06,6,74,0
"671",0.076115,0.052669,1.63e-05,1.09e-06,154,46,3.9333
"672",0.076115,0.052669,1.63e-05,1.09e-06,154,46,3.9481
"673",0.17546,0.070055,1.07e-05,1.95e-06,0,198,0
"674",0.092735,0.052527,1.39e-05,1.33e-06,154,118,3.8113
"675",0.08468,0.053556,1.62e-05,1.12e-06,52,12,4.0749
"676",0.12302,0.055321,1.94e-05,2.07e-06,180,102,0
"677",0.072194,0.054229,1.63e-05,1.1e-06,74,46,3.6717
"678",0.086681,0.054879,1.55e-05,1.31e-06,88,82,3.8277
"679",0.075412,0.058452,1.62e-05,1.32e-06,64,88,3.6064
"680",0.089584,0.054292,1.19e-05,1.35e-06,140,72,3.5371
"681",0.076815,0.05578,1.61e-05,1.1e-06,176,148,2.7649
"682",0.091946,0.072859,1.63e-05,1.31e-06,20,148,0
"683",0.087341,0.052249,1.34e-05,1.32e-06,58,158,3.6104
"684",0.092476,0.055499,1.79e-05,1.25e-06,104,104,4.5479
"685",0.089304,0.052611,1.62e-05,1.23e-06,58,88,3.9158
"686",0.063383,0.051679,1.46e-05,1.31e-06,28,114,2.595
"687",0.068187,0.057454,3.97e-06,1.3e-06,98,28,0.0036506
"688",0.0928,0.055507,1.63e-05,1.25e-06,154,76,3.1494
"689",0.079136,0.054219,1.74e-05,1.15e-06,138,34,0
"690",0.091161,0.055147,1.51e-05,1.31e-06,30,118,3.8706
"691",0.052115,0.055749,1.49e-05,1.32e-06,46,128,2.6397
"692",0.080205,0.052982,1.56e-05,1.18e-06,138,84,3.2494
"693",0.078502,0.052635,1.67e-05,1.19e-06,16,40,4.1814
"694",0.086985,0.056256,1.4e-05,1.36e-06,124,90,3.4678
"695",0.052561,0.052567,1.01e-05,1.03e-05,150,44,0.060156
"696",0.080991,0.05237,1.85e-05,1.18e-06,174,90,0
"697",0.087496,0.055486,1.76e-05,1.25e-06,62,140,4.1594
"698",0.026533,0.054393,1.56e-05,1.28e-06,82,108,2.6586
"699",0.079889,0.053893,1.78e-05,1.22e-06,92,66,3.9562
"700",0.15996,0.082241,1.62e-05,1.32e-05,48,180,0
"701",0.13166,0.052871,1.68e-05,1.22e-06,42,164,0
"702",0.084155,0.04338,1.82e-05,1.24e-06,134,40,0
"703",0.086565,0.07888,1.71e-05,2.64e-06,16,54,0
"704",0.09294,0.052846,1.54e-05,1.29e-06,40,150,4.0012
"705",0.073202,0.055597,1.78e-05,1.17e-06,156,54,3.4917
"706",0.028231,0.038734,1.45e-05,1.31e-06,46,8,0.57148
"707",0.21103,0.051035,1.15e-05,1.51e-05,106,196,0
"708",0.096266,0.052149,1.74e-05,1.32e-06,72,190,4.1051
"709",0.090237,0.05463,1.73e-05,1.29e-06,82,66,4.3796
"710",0.093285,0.053862,1.66e-05,1.2e-06,96,48,4.2603
"711",0.081934,0.0097462,4.54e-06,1.46e-05,78,48,0
"712",0.040485,0.085599,1.84e-05,8.37e-06,148,70,0
"713",0.076385,0.053377,1.63e-05,1.13e-06,126,96,3.3361
"714",0.080077,0.053465,1.66e-05,1.17e-06,26,62,3.8301
"715",0.042538,0.054085,1.02e-05,1.11e-06,40,6,2.817
"716",0.091492,0.055593,1.63e-05,1.31e-06,68,162,3.8987
"717",0.082502,0.055366,1.73e-05,1.12e-06,188,8,4.1411
"718",0.057281,0.056973,1.54e-05,1.11e-06,144,10,3.6347
"719",0.077787,0.053026,1.73e-05,1.11e-06,6,16,4.2443
"720",0.087839,0.055279,1.61e-05,1.25e-06,88,94,3.8647
"721",0.088528,0.054305,1.64e-05,1.23e-06,88,60,3.8715
"722",0.078437,0.048671,1.65e-05,1.12e-06,80,32,4.1214
"723",0.092289,0.05421,1.73e-05,1.24e-06,112,106,4.0586
"724",0.15343,0.049664,1.58e-05,1.52e-05,20,162,0
"725",0.09241,0.052066,1.48e-05,1.31e-06,110,122,4.0891
"726",0.084133,0.054807,1.79e-05,1.18e-06,80,118,4.2141
"727",0.093282,0.053572,1.75e-05,1.23e-06,78,178,4.1573
"728",0.083973,0.051357,1.55e-05,1.31e-06,170,120,2.4832
"729",0.11613,0.010473,1.27e-05,2.61e-06,116,46,0.057031
"730",0.11444,0.052734,1.41e-05,1.31e-06,136,96,0
"731",0.099235,0.049491,1.45e-05,1.29e-06,142,82,3.7924
"732",0.067289,0.058961,1.36e-05,1.46e-05,176,196,0.055859
"733",0.093187,0.053291,1.42e-05,1.34e-06,30,126,3.8969
"734",0.087513,0.055505,1.81e-05,1.19e-06,54,40,4.157
"735",0.090044,0.051725,1.42e-05,1.29e-06,44,98,4.0938
"736",0.078451,0.052551,1.65e-05,1.16e-06,64,12,4.1865
"737",0.085315,0.046437,1.74e-05,1.23e-06,80,134,3.0168
"738",0.073835,0.063185,1.42e-05,1.44e-06,144,146,3.6859
"739",0.082132,0.057194,1.47e-05,1.35e-06,124,150,3.3564
"740",0.18972,0.069271,1.75e-05,1e-05,196,82,0
"741",0.083598,0.055874,1.56e-05,1.12e-06,130,4,3.9495
"742",0.049612,0.039724,5.15e-07,9.26e-06,134,28,0
"743",0.17888,0.060743,1.64e-05,1.85e-05,72,20,0
"744",0.080154,0.055743,1.8e-05,1.22e-06,178,24,4.1643
"745",0.0919,0.055067,1.2e-05,1.32e-06,116,170,3.5697
"746",0.078521,0.050553,1.77e-05,1.21e-06,146,48,3.6745
"747",0.078521,0.050553,1.77e-05,1.21e-06,146,48,3.6772
"748",0.098427,0.049468,1.67e-05,1.29e-06,22,76,4.0832
"749",0.071969,0.056035,1.58e-05,1.1e-06,134,140,2.9834
"750",0.081244,0.053103,1.74e-05,1.1e-06,74,26,4.0675
"751",0.078399,0.052444,1.69e-05,1.18e-06,106,116,3.3957
"752",0.20837,0.041553,1.53e-05,1.99e-05,42,22,0
"753",0.081743,0.053661,1.68e-05,1.19e-06,80,62,3.71
"754",0.067132,0.051516,1.7e-05,1.21e-06,90,50,3.0105
"755",0.085616,0.063165,1.79e-05,1.25e-06,64,108,0.0027048
"756",0.094529,0.052459,1.61e-05,1.29e-06,18,108,4.0701
"757",0.078457,0.053293,1.64e-05,1.2e-06,112,64,3.5714
"758",0.08674,0.055348,1.77e-05,1.19e-06,94,158,4.1012
"759",0.078618,0.053658,1.73e-05,1.19e-06,58,22,4.1339
"760",0.076751,0.055507,1.63e-05,1.1e-06,34,94,3.879
"761",0.093408,0.052323,1.78e-05,1.31e-06,62,186,3.8395
"762",0.08009,0.058324,1.47e-05,1.38e-06,150,86,3.4881
"763",0.085078,0.055775,1.79e-05,1.24e-06,114,98,4.3093
"764",0.087253,0.055886,1.65e-05,1.23e-06,148,42,3.929
"765",0.078152,0.063026,1.38e-05,1.41e-06,88,100,3.4248
"766",0.083712,0.051154,1.64e-05,1.12e-06,68,30,4.0406
"767",0.083646,0.053282,1.51e-05,1.22e-06,106,50,3.7048
"768",0.08199,0.053434,1.69e-05,1.12e-06,16,46,4.2248
"769",0.07864,0.05642,1.82e-05,1.23e-06,164,156,3.2201
"770",0.086315,0.054764,1.7e-05,1.09e-06,164,56,4.245
"771",0.20133,0.028517,2.22e-06,1.77e-05,108,32,0
"772",0.0794,0.053148,1.63e-05,1.16e-06,82,30,3.7939
"773",0.18494,0.043125,1.86e-05,1.92e-05,140,12,0
"774",0.078168,0.058236,1.7e-05,1.22e-06,188,106,2.4615
"775",0.082249,0.055825,1.8e-05,1.18e-06,98,74,3.94
"776",0.07859,0.044357,1.79e-05,1.1e-06,160,20,3.0934
"777",0.086078,0.050967,1.64e-05,1.16e-06,114,134,3.1529
"778",0.08267,0.054132,1.64e-05,1.1e-06,62,42,3.8107
"779",0.090297,0.05454,1.69e-05,1.32e-06,164,76,3.9255
"780",0.085306,0.054439,1.56e-05,1.16e-06,172,58,3.8053
"781",0.093349,0.05397,1.8e-05,1.22e-06,32,32,4.1238
"782",0.087286,0.053866,1.7e-05,1.17e-06,120,42,4.1558
"783",0.078545,0.060381,1.3e-05,1.38e-06,124,40,3.6536
"784",0.081218,0.054772,1.76e-05,1.2e-06,174,108,3.3473
"785",0.089669,0.05488,1.69e-05,1.17e-06,88,92,4.2591
"786",0.076583,0.055644,1.53e-05,1.1e-06,162,48,3.6167
"787",0.076541,0.055752,1.67e-05,1.09e-06,148,16,3.9797
"788",0.0093732,0.060784,3.9e-07,5.18e-06,64,164,0
"789",0.09047,0.05472,1.38e-05,1.3e-06,162,168,3.6633
"790",0.083838,0.054616,1.54e-05,1.16e-06,90,104,3.8356
"791",0.089983,0.05207,1.77e-05,1.19e-06,40,90,3.9936
"792",0.086497,0.053438,1.75e-05,1.23e-06,84,144,4.0493
"793",0.088495,0.054513,1.7e-05,1.2e-06,60,128,4.0732
"794",0.068281,0.047318,1.53e-05,1.11e-06,18,44,2.8121
"795",0.086471,0.053587,1.62e-05,1.18e-06,92,94,3.9795
"796",0.10885,0.054957,1.55e-05,1.29e-06,102,160,0
"797",0.075028,0.052075,1.69e-05,1.13e-06,116,46,4.1091
"798",0.087428,0.054268,1.73e-05,1.22e-06,48,84,4.3676
"799",0.088743,0.053768,1.76e-05,1.2e-06,50,72,4.4664
"800",0.076941,0.053237,1.72e-05,1.13e-06,58,32,4.1132
"801",0.15802,0.054666,1.6e-05,1.18e-06,194,110,0
"802",0.086529,0.053749,1.69e-05,1.1e-06,40,2,4.0525
"803",0.082903,0.054843,1.76e-05,1.09e-06,162,44,4.153
"804",0.077139,0.052668,1.69e-05,1.15e-06,112,18,4.3258
"805",0.066788,0.057665,1.85e-05,1.3e-06,150,90,3.1018
"806",0.090388,0.053813,1.64e-05,1.19e-06,16,82,4.0819
"807",0.084626,0.05587,1.82e-05,1.27e-06,158,144,4.2016
"808",0.082106,0.062397,1.81e-05,1.25e-06,126,12,3.4614
"809",0.089737,0.055161,1.77e-05,1.22e-06,104,94,4.1892
"810",0.078544,0.052436,1.68e-05,1.11e-06,46,2,4.2533
"811",0.085725,0.056524,1.77e-05,1.31e-06,66,50,3.9142
"812",0.077216,0.055793,1.8e-05,1.11e-06,166,18,4.0246
"813",0.084146,0.05316,1.71e-05,1.15e-06,136,40,3.8594
"814",0.08758,0.05508,1.76e-05,1.28e-06,180,152,4.3293
"815",0.07852,0.050502,1.71e-05,1.19e-06,114,12,4.2481
"816",0.16038,0.055623,1.08e-05,1.25e-06,130,66,0
"817",0.088256,0.053087,1.7e-05,1.18e-06,154,82,4.0571
"818",0.079914,0.056079,1.8e-05,1.21e-06,170,68,4.0735
"819",0.088226,0.055268,1.77e-05,1.17e-06,74,120,4.2282
"820",0.094107,0.048025,1.57e-05,1.29e-06,106,20,4.1163
"821",0.11324,0.080881,1.96e-05,2.48e-07,60,18,0
"822",0.086313,0.051044,1.63e-05,1.12e-06,58,68,3.7387
"823",0.089035,0.052497,1.59e-05,1.2e-06,18,64,3.9648
"824",0.087419,0.052761,1.4e-05,1.24e-06,108,112,3.8172
"825",0.093906,0.053335,1.74e-05,1.29e-06,94,172,4.1407
"826",0.08713,0.05557,1.27e-05,1.37e-06,76,116,3.6697
"827",0.086096,0.054478,1.43e-05,1.25e-06,64,44,3.9441
"828",0.090668,0.054478,1.73e-05,1.29e-06,78,90,4.5122
"829",0.083306,0.054544,1.65e-05,1.12e-06,118,94,4.2788
"830",0.083919,0.055613,1.77e-05,1.17e-06,68,66,4.1754
"831",0.091183,0.054694,1.74e-05,1.25e-06,74,32,4.3814
"832",0.092818,0.054046,1.76e-05,1.26e-06,82,62,4.213
"833",0.085725,0.054836,1.69e-05,1.09e-06,180,4,4.2646
"834",0.086574,0.051279,1.55e-05,1.29e-06,126,18,3.6319
"835",0.090883,0.054498,1.79e-05,1.27e-06,48,102,4.2357
"836",0.081487,0.057759,1.7e-05,1.28e-06,130,110,3.6826
"837",0.095875,0.052576,1.74e-05,1.3e-06,86,144,4.1696
"838",0.087445,0.055452,1.8e-05,1.27e-06,98,60,4.2412
"839",0.091544,0.051655,1.67e-05,1.18e-06,42,192,3.9883
"840",0.087862,0.052447,1.73e-05,1.23e-06,4,160,4.0286
"841",0.07509,0.053052,1.66e-05,1.11e-06,36,32,3.9666
"842",0.091608,0.054004,1.74e-05,1.21e-06,44,84,4.4617
"843",0.077873,0.052818,7.57e-06,1.18e-06,144,52,2.4557
"844",0.092228,0.053797,1.69e-05,1.25e-06,54,136,4.2988
"845",0.091459,0.0518,1.71e-05,1.23e-06,18,116,4.1136
"846",0.084039,0.055364,1.79e-05,1.1e-06,192,14,4.1519
"847",0.09172,0.05395,1.74e-05,1.19e-06,70,86,4.2509
"848",0.081118,0.056341,1.78e-05,1.28e-06,178,74,3.7225
"849",0.088806,0.053966,1.26e-05,1.33e-06,88,98,3.5723
"850",0.082265,0.055756,1.67e-05,1.1e-06,102,20,4.1859
"851",0.092458,0.052549,1.66e-05,1.29e-06,164,48,4.0842
"852",0.092373,0.052564,1.61e-05,1.2e-06,36,144,4.0418
"853",0.087885,0.054339,1.73e-05,1.28e-06,146,92,4.1597
"854",0.086352,0.055701,1.77e-05,1.27e-06,166,146,4.0614
"855",0.17026,0.078427,1.25e-05,9.76e-06,10,114,0
"856",0.089441,0.055065,1.75e-05,1.29e-06,36,142,4.1387
"857",0.075533,0.056005,2.28e-06,1.3e-06,86,160,0.032759
"858",0.087717,0.05198,1.68e-05,1.21e-06,38,176,3.9806
"859",0.08851,0.055318,1.28e-05,1.34e-06,124,28,3.7295
"860",0.080342,0.056246,1.9e-05,1.22e-06,136,44,3.952
"861",0.083185,0.053912,1.85e-05,1.18e-06,30,32,3.9562
"862",0.080818,0.055543,1.57e-05,1.21e-06,158,78,3.7684
"863",0.086017,0.05248,1.27e-05,1.21e-06,146,34,3.7215
"864",0.093597,0.054533,9.83e-06,1.29e-06,32,126,3.4899
"865",0.077245,0.05246,1.51e-05,1.11e-06,114,28,3.7872
"866",0.093336,0.051966,1.46e-05,1.27e-06,146,108,3.9326
"867",0.074695,0.062242,1.49e-05,1.44e-06,70,146,3.6979
"868",0.09056,0.026134,1.51e-05,1.32e-06,50,64,0.058594
"869",0.084953,0.068633,1.87e-05,1.15e-06,76,42,0
"870",0.091735,0.05325,1.73e-05,1.25e-06,46,52,4.1637
"871",0.094306,0.049087,1.52e-05,1.29e-06,62,92,3.9312
"872",0.071718,0.050126,1.21e-05,1.11e-06,100,62,2.9686
"873",0.084688,0.052369,1.72e-05,1.18e-06,72,166,3.4289
"874",0.088439,0.052554,1.67e-05,1.16e-06,54,12,4.2296
"875",0.087213,0.055476,1.68e-05,1.17e-06,182,8,4.2019
"876",0.092957,0.050643,1.57e-05,1.3e-06,66,160,4.0584
"877",0.08462,0.056533,1.75e-05,1.11e-06,170,40,4.2538
"878",0.092599,0.05544,1.77e-05,1.24e-06,62,94,4.288
"879",0.09257,0.052054,1.68e-05,1.32e-06,72,178,3.8105
"880",0.085828,0.073229,1.76e-05,5.21e-06,144,10,0
"881",0.12581,0.028325,4.07e-06,1.22e-05,178,190,0
"882",0.092395,0.055508,1.79e-05,1.27e-06,68,166,4.2421
"883",0.07723,0.05282,1.72e-05,1.11e-06,134,20,4.1135
"884",0.079896,0.054628,1.91e-05,1.2e-06,166,30,3.7188
"885",0.090596,0.053865,1.14e-05,1.33e-06,98,48,3.5141
"886",0.083939,0.055421,1.7e-05,1.12e-06,132,94,4.1799
"887",0.087247,0.055984,1.81e-05,1.21e-06,120,32,4.1323
"888",0.085991,0.053848,1.46e-05,1.19e-06,140,146,3.9976
"889",0.089147,0.053913,1.69e-05,1.26e-06,12,140,4.0726
"890",0.091729,0.054041,1.83e-05,1.24e-06,98,48,4.1291
"891",0.084958,0.0556,1.73e-05,1.13e-06,136,10,4.2261
"892",0.086236,0.055035,9.77e-06,1.23e-06,68,156,3.5531
"893",0.088438,0.054046,1.72e-05,1.25e-06,120,164,4.1691
"894",0.079848,0.053105,1.26e-05,1.12e-06,22,34,3.7824
"895",0.088257,0.055082,1.56e-05,1.23e-06,42,76,3.9429
"896",0.090378,0.053446,1.43e-05,1.18e-06,92,36,4.0896
"897",0.20381,0.028754,1.56e-05,1.44e-05,26,74,0
"898",0.091016,0.052632,1.61e-05,1.22e-06,80,172,3.9915
"899",0.092282,0.05083,1.55e-05,1.29e-06,96,122,3.8963
"900",0.080014,0.057142,1.78e-05,1.23e-06,154,56,3.8266
"901",0.080275,0.0525,1.55e-05,1.13e-06,32,32,3.94
"902",0.091136,0.052743,1.65e-05,1.18e-06,60,174,4.1516
"903",0.075479,0.06341,1.38e-05,1.47e-06,64,4,3.7069
"904",0.073319,0.055242,1.52e-05,1.12e-06,96,158,3.2067
"905",0.085421,0.055442,1.22e-05,1.34e-06,166,148,3.665
"906",0.082102,0.053251,1.41e-05,1.15e-06,106,20,3.9041
"907",0.086955,0.055681,1.67e-05,1.12e-06,136,46,3.9051
"908",0.090853,0.052845,1.59e-05,1.18e-06,44,32,3.9449
"909",0.077256,0.053217,1.66e-05,1.11e-06,20,44,4.0684
"910",0.087123,0.053432,1.27e-05,1.2e-06,86,40,3.7475
"911",0.08055,0.053104,1.93e-05,1.21e-06,154,46,0
"912",0.095103,0.050226,1.66e-05,1.26e-06,42,132,3.922
"913",0.086909,0.054926,1.53e-05,1.12e-06,100,60,3.8889
"914",0.084697,0.055624,1.44e-05,1.18e-06,146,98,3.3107
"915",0.091657,0.052069,1.64e-05,1.18e-06,74,112,4.2203
"916",0.085961,0.051874,1.63e-05,1.16e-06,38,48,4.1583
"917",0.091631,0.052733,1.67e-05,1.21e-06,72,120,4.1533
"918",0.085212,0.054161,1.74e-05,1.18e-06,24,28,4.2098
"919",0.084056,0.05512,1.68e-05,1.13e-06,24,56,3.9592
"920",0.087125,0.056747,1.74e-05,1.32e-06,178,126,3.7296
"921",0.087125,0.056747,1.74e-05,1.32e-06,178,126,3.7357
"922",0.083728,0.05403,1.41e-05,1.34e-06,178,106,3.2436
"923",0.088246,0.052329,1.31e-05,1.16e-06,98,36,3.8458
"924",0.073079,0.063006,1.47e-05,1.47e-06,30,162,3.5535
"925",0.096068,0.053024,1.73e-05,1.5e-06,32,72,3.4679
"926",0.085828,0.05518,1.73e-05,1.1e-06,52,0,0
"927",0.037344,0.042479,1.43e-05,1.21e-06,124,58,1.3697
"928",0.077491,0.055708,1.88e-05,1.18e-06,56,54,3.9459
"929",0.081584,0.053059,1.71e-05,1.18e-06,22,26,4.2969
"930",0.079789,0.051975,1.63e-05,1.19e-06,14,36,4.4905
"931",0.091495,0.054683,1.07e-05,1.27e-06,104,20,3.5406
"932",0.0841,0.05667,1.75e-05,1.19e-06,142,100,4.1818
"933",0.088248,0.051478,1.73e-05,1.22e-06,156,94,3.2985
"934",0.084833,0.051447,1.6e-05,1.11e-06,72,78,3.7355
"935",0.086113,0.052839,1.41e-05,1.18e-06,102,26,3.9819
"936",0.078376,0.051352,1.6e-05,1.19e-06,80,56,3.4201
"937",0.092919,0.052559,1.62e-05,1.32e-06,36,134,4.0827
"938",0.083762,0.054663,1.59e-05,1.13e-06,6,28,3.8689
"939",0.087536,0.052256,1.47e-05,1.26e-06,28,162,3.9564
"940",0.080558,0.055125,1.29e-05,1.23e-06,90,40,3.8035
"941",0.070747,0.055786,1.59e-05,1.17e-06,36,46,3.5977
"942",0.089344,0.051794,1.66e-05,1.2e-06,32,66,3.9452
"943",0.082773,0.056605,1.66e-05,1.11e-06,192,52,3.3641
"944",0.083902,0.055785,1.79e-05,1.17e-06,152,10,4.1009
"945",0.079041,0.052949,1.76e-05,1.11e-06,156,58,3.6606
"946",0.084432,0.05444,1.66e-05,1.13e-06,34,72,3.9924
"947",0.081497,0.055299,1.89e-05,1.18e-06,160,74,0
"948",0.076197,0.053574,1.55e-05,1.1e-06,56,88,3.7424
"949",0.083937,0.056912,1.91e-05,1.17e-06,180,24,0.0047189
"950",0.080434,0.055942,1.87e-05,1.19e-06,18,106,4.1741
"951",0.090977,0.054373,1.73e-05,1.16e-06,82,130,4.2483
"952",0.081742,0.05247,1.73e-05,1.22e-06,34,98,3.7875
"953",0.088292,0.054996,1.2e-05,1.26e-06,126,112,3.64
"954",0.087258,0.054128,1.21e-05,1.34e-06,86,122,3.6289
"955",0.076954,0.053066,1.44e-05,1.11e-06,16,20,4.0133
"956",0.083968,0.05488,1.64e-05,1.13e-06,120,40,4.0452
"957",0.087122,0.053488,1.44e-05,1.16e-06,122,70,3.9525
"958",0.079456,0.0535,1.9e-05,1.17e-06,92,116,0
"959",0.07943,0.05509,1.25e-05,1.3e-06,186,60,3.2225
"960",0.082791,0.055741,1.82e-05,1.17e-06,184,56,4.1476
"961",0.077519,0.055938,1.7e-05,1.21e-06,132,52,3.6074
"962",0.082044,0.055052,1.54e-05,1.12e-06,38,148,3.8835
"963",0.0767,0.055949,1.59e-05,1.18e-06,48,64,3.6352
"964",0.079725,0.051295,1.64e-05,1.1e-06,102,68,4.0276
"965",0.093512,0.052032,1.47e-05,1.29e-06,72,178,3.9443
"966",0.14179,0.051107,1.52e-05,1.27e-06,60,102,0
"967",0.088683,0.056386,1.73e-05,1.18e-06,108,138,4.1587
"968",0.087099,0.053571,1.68e-05,1.19e-06,68,16,4.0075
"969",0.080371,0.056125,1.78e-05,1.25e-06,58,18,4.0864
"970",0.081626,0.056503,1.46e-05,1.29e-06,116,42,3.7215
"971",0.09054,0.050181,1.52e-05,1.26e-06,32,138,4.0238
"972",0.083114,0.056106,1.76e-05,1.13e-06,68,92,3.9868
"973",0.078608,0.05154,1.76e-05,1.09e-06,172,168,1.1082
"974",0.093933,0.054487,1.73e-05,1.27e-06,56,156,4.2364
"975",0.079801,0.060779,1.87e-05,1.25e-06,118,42,4.1999
"976",0.093675,0.05218,1.54e-05,1.21e-06,82,92,3.8908
"977",0.083942,0.056118,1.76e-05,1.17e-06,50,116,4.2676
"978",0.080591,0.05623,1.73e-05,1.22e-06,24,124,3.8843
"979",0.08687,0.053291,1.69e-05,1.11e-06,34,38,4.3157
"980",0.080158,0.054556,1.71e-05,1.23e-06,178,92,3.1497
"981",0.086051,0.054353,1.33e-05,1.26e-06,74,150,3.7239
"982",0.086349,0.054192,1.3e-05,1.29e-06,146,52,3.8302
"983",0.09426,0.051362,1.57e-05,1.19e-06,94,112,4.1994
"984",0.08799,0.054023,1.45e-05,1.2e-06,152,96,3.9458
"985",0.07613,0.056494,1.81e-05,1.19e-06,94,100,3.5939
"986",0.094275,0.052079,1.67e-05,1.28e-06,120,84,4.1822
"987",0.086389,0.053836,1.65e-05,1.08e-06,16,42,4.272
"988",0.07614,0.054664,1.52e-05,1.09e-06,84,56,3.7285
"989",0.087743,0.055787,1.77e-05,1.17e-06,176,144,4.0583
"990",0.087497,0.052653,1.54e-05,1.14e-06,40,8,3.9805
"991",0.086057,0.053954,1.58e-05,1.11e-06,14,20,3.9611
"992",0.085824,0.054702,1.3e-05,1.32e-06,104,56,4.0032
"993",0.077879,0.059614,1.25e-05,1.33e-06,36,4,3.6293
"994",0.083637,0.055663,1.8e-05,1.19e-06,44,106,4.0351
"995",0.090609,0.043971,1.71e-05,1.17e-06,98,154,2.8455
"996",0.084529,0.053648,1.68e-05,1.11e-06,16,12,4.1439
"997",0.078633,0.050237,1.71e-05,1.11e-06,140,4,4.2357
"998",0.090929,0.054894,1.73e-05,1.25e-06,88,174,4.3166
"999",0.092696,0.052359,1.56e-05,1.31e-06,50,154,4.1256
"1000",0.061187,0.045344,1.69e-05,1.29e-06,122,56,1.9873
"1001",0.089283,0.053473,1.46e-05,1.27e-06,108,148,3.7654
"1002",0.094638,0.051034,1.5e-05,1.28e-06,82,96,3.9637
"1003",0.084391,0.053388,1.82e-05,1.15e-06,50,12,0
"1004",0.086881,0.054541,1.78e-05,1.17e-06,112,56,4.2199
"1005",0.088948,0.052109,1.61e-05,1.16e-06,56,4,3.85
"1006",0.094818,0.049594,1.58e-05,1.29e-06,122,186,4.293
"1007",0.067626,0.045289,1.74e-05,1.43e-06,172,72,1.8326
"1008",0.080778,0.055789,1.75e-05,1.14e-06,114,54,4.1047
"1009",0.083251,0.054574,1.74e-05,1.18e-06,24,44,4.2301
"1010",0.09372,0.050068,1.6e-05,1.31e-06,102,94,4.2053
"1011",0.075235,0.060824,1.36e-05,1.38e-06,68,56,3.6745
"1012",0.084816,0.056112,1.91e-05,1.2e-06,98,122,3.9896
"1013",0.078337,0.052839,1.71e-05,1.11e-06,68,14,4.2354
"1014",0.087409,0.058517,1.8e-05,1.2e-06,102,120,1.9407
"1015",0.083431,0.055418,1.86e-05,1.17e-06,184,6,3.935
"1016",0.090593,0.053385,1.74e-05,1.22e-06,40,88,4.3573
"1017",0.08696,0.054573,1.46e-05,1.18e-06,62,68,3.915
"1018",0.088508,0.055646,1.57e-05,1.18e-06,74,160,3.2567
"1019",0.092146,0.052403,1.45e-05,1.29e-06,136,90,3.9266
"1020",0.090457,0.052001,1.51e-05,1.26e-06,100,86,4.0617
"1021",0.087429,0.053246,1.57e-05,1.1e-06,146,8,4.1271
"1022",0.080155,0.056346,1.86e-05,1.25e-06,42,50,4.1706
"1023",0.077461,0.054271,1.75e-05,1.26e-06,50,118,3.6336
"1024",0.091544,0.053784,1.73e-05,1.22e-06,6,178,4.2985
"1025",0.080039,0.053728,1.35e-05,1.12e-06,32,96,3.8167
"1026",0.090476,0.054661,1.75e-05,1.21e-06,90,44,4.3122
"1027",0.091557,0.053601,1.65e-05,1.25e-06,22,178,4.1027
"1028",0.086423,0.055018,1.53e-05,1.12e-06,98,32,3.9172
"1029",0.095775,0.053606,1.71e-05,1.33e-06,58,160,4.1433
"1030",0.083413,0.057449,1.75e-05,1.14e-06,84,4,4.1558
"1031",0.083037,0.055458,1.64e-05,1.12e-06,48,126,3.9835
"1032",0.082261,0.052983,1.41e-05,1.15e-06,68,48,3.7502
"1033",0.08229,0.057326,1.84e-05,1.22e-06,198,38,3.9914
"1034",0.093804,0.051138,1.64e-05,1.24e-06,76,116,3.9311
"1035",0.089963,0.054131,1.72e-05,1.2e-06,68,162,4.0996
"1036",0.083423,0.052277,1.7e-05,1.23e-06,102,66,3.6702
"1037",0.093374,0.049945,1.52e-05,1.29e-06,152,168,3.851
"1038",0.091625,0.054261,1.73e-05,1.26e-06,18,128,4.2642
"1039",0.086635,0.054287,1.63e-05,1.11e-06,150,186,1.7509
"1040",0.094781,0.052342,1.69e-05,1.27e-06,26,80,4.274
"1041",0.1118,0.04884,1.63e-05,1.3e-06,110,98,0
"1042",0.082248,0.056532,1.76e-05,1.26e-06,100,72,3.7931
"1043",0.087113,0.054988,1.13e-05,1.29e-06,70,78,3.568
"1044",0.076292,0.053126,1.56e-05,1.11e-06,90,34,4.0774
"1045",0.087,0.053833,1.66e-05,1.1e-06,128,28,4.2857
"1046",0.078702,0.056539,1.89e-05,1.21e-06,150,36,3.9031
"1047",0.092453,0.053391,1.75e-05,1.28e-06,60,90,4.2757
"1048",0.090392,0.053432,1.69e-05,1.21e-06,48,164,4.091
"1049",0.09308,0.049507,1.59e-05,1.29e-06,110,46,4.1319
"1050",0.10982,0.052201,1.65e-05,1.08e-06,132,58,0
"1051",0.085974,0.055863,1.42e-05,1.14e-06,38,126,3.9924
"1052",0.093445,0.051779,1.75e-05,1.28e-06,100,194,3.8571
"1053",0.07993,0.056451,1.71e-05,1.14e-06,50,66,4.2881
"1054",0.088792,0.054884,1.71e-05,1.23e-06,38,94,4.0413
"1055",0.087802,0.051947,1.46e-05,1.19e-06,116,32,4.096
"1056",0.080662,0.05621,1.61e-05,1.12e-06,30,140,3.8914
"1057",0.087843,0.053233,1.38e-05,1.34e-06,156,170,3.6738
"1058",0.08035,0.055076,1.5e-05,1.12e-06,28,82,3.9479
"1059",0.14189,0.06606,9.97e-06,1.77e-05,20,60,0
"1060",0.087514,0.055941,1.73e-05,1.18e-06,188,34,4.1889
"1061",0.086319,0.054989,1.31e-05,1.34e-06,172,170,3.5604
"1062",0.031193,0.055181,1.81e-05,1.3e-06,132,92,2.6311
"1063",0.082786,0.023525,1.79e-05,1.14e-06,30,102,0.066797
"1064",0.077454,0.055264,1.75e-05,1.2e-06,8,64,3.8939
"1065",0.095895,0.04937,1.63e-05,1.3e-06,112,156,4.0579
"1066",0.083416,0.0551,1.55e-05,1.16e-06,94,28,3.9513
"1067",0.086639,0.055064,1.29e-05,1.27e-06,114,84,3.8379
"1068",0.084159,0.055051,9.86e-06,1.11e-06,138,80,3.7432
"1069",0.080219,0.055918,1.78e-05,1.22e-06,58,48,4.0349
"1070",0.086006,0.053351,1.45e-05,1.23e-06,80,156,3.7869
"1071",0.082149,0.054649,1.68e-05,1.12e-06,78,26,4.0391
"1072",0.077044,0.056144,1.53e-05,1.14e-06,110,96,3.4672
"1073",0.088311,0.053902,1.69e-05,1.17e-06,58,170,4.0979
"1074",0.084524,0.054971,1.75e-05,1.16e-06,146,122,4.114
"1075",0.081963,0.054693,1.46e-05,1.19e-06,126,102,3.4436
"1076",0.086207,0.052927,1.72e-05,1.26e-06,72,32,4.0567
"1077",0.11518,0.053999,1.76e-05,1.25e-06,136,122,0
"1078",0.082743,0.056455,1.72e-05,1.12e-06,126,112,4.2365
"1079",0.074833,0.05471,1.65e-05,1.1e-06,114,84,3.4957
"1080",0.083197,0.055721,1.79e-05,1.12e-06,146,50,4.0748
"1081",0.085828,0.054841,1.49e-05,1.16e-06,50,136,3.9484
"1082",0.084304,0.056988,1.87e-05,1.26e-06,108,8,4.2462
"1083",0.045563,0.053806,1.81e-05,1.27e-06,76,38,2.8145
"1084",0.081643,0.053721,1.49e-05,1.1e-06,188,42,3.664
"1085",0.084538,0.055715,1.59e-05,1.13e-06,86,76,3.9756
"1086",0.081148,0.052424,1.76e-05,1.09e-06,146,60,3.6492
"1087",0.092532,0.049977,1.69e-05,1.29e-06,160,142,3.6752
"1088",0.069583,0.061791,1.36e-05,1.4e-06,32,92,3.7059
"1089",0.085903,0.053475,1.45e-05,1.25e-06,26,90,4.1058
"1090",0.088515,0.055437,1.79e-05,1.2e-06,30,144,4.1017
"1091",0.093087,0.049894,1.57e-05,1.27e-06,122,166,3.7884
"1092",0.091922,0.055098,1.79e-05,1.3e-06,196,142,4.066
"1093",0.080589,0.057282,1.71e-05,1.12e-06,28,94,4.2083
"1094",0.065176,0.063694,1.38e-05,1.39e-06,38,112,3.6182
"1095",0.08459,0.055592,1.77e-05,1.13e-06,176,8,4.3641
"1096",0.087261,0.054013,1.31e-05,1.33e-06,134,142,3.9129
"1097",0.076311,0.055479,1.69e-05,1.14e-06,78,48,3.6408
"1098",0.073404,0.061101,1.41e-05,1.43e-06,64,124,3.8782
"1099",0.087634,0.05302,1.38e-05,1.2e-06,92,86,3.9154
"1100",0.093375,0.049669,1.66e-05,1.17e-06,118,44,3.983
"1101",0.089957,0.055052,1.5e-05,1.2e-06,60,98,3.9225
"1102",0.093303,0.052479,1.74e-05,1.25e-06,20,160,4.1048
"1103",0.080114,0.054107,1.88e-05,1.24e-06,152,38,3.7222
"1104",0.08847,0.053581,1.43e-05,1.18e-06,70,110,3.9594
"1105",0.084691,0.056022,1.86e-05,1.18e-06,122,106,4.1587
"1106",0.080297,0.051928,1.69e-05,1.13e-06,108,34,3.9985
"1107",0.059621,0.059516,1.59e-05,1.13e-06,88,42,3.6318
"1108",0.082809,0.050228,1.66e-05,1.1e-06,108,26,3.9403
"1109",0.082044,0.05271,1.62e-05,1.1e-06,50,16,4.1593
"1110",0.078921,0.054943,1.85e-05,1.23e-06,168,6,4.0473
"1111",0.09111,0.053451,1.38e-05,1.32e-06,74,116,3.7713
"1112",0.081784,0.052591,1.65e-05,1.17e-06,8,12,4.5062
"1113",0.090843,0.0010208,1.78e-05,1.33e-06,186,152,0
"1114",0.086307,0.050917,1.65e-05,1.22e-06,30,8,4.1779
"1115",0.079354,0.056144,1.75e-05,1.28e-06,164,112,3.1323
"1116",0.087647,0.046934,1.75e-05,3.7e-07,168,122,0
"1117",0.082966,0.055293,1.79e-05,1.18e-06,20,96,4.0413
"1118",0.083975,0.053526,1.32e-05,1.19e-06,92,74,3.5238
"1119",0.087685,0.056957,8.5e-06,1.11e-06,190,40,0.0041313
"1120",0.076346,0.057036,1.71e-05,1.18e-06,78,12,3.8565
"1121",0.091603,0.054798,1.76e-05,1.27e-06,74,128,4.2979
"1122",0.078613,0.056969,1.72e-05,1.2e-06,2,48,3.8616
"1123",0.077338,0.054229,1.71e-05,1.2e-06,48,48,3.8211
"1124",0.096651,0.049632,1.54e-05,1.29e-06,50,70,4.0131
"1125",0.087578,0.052563,1.77e-05,1.21e-06,16,106,4.0278
"1126",0.090751,0.055147,1.41e-05,1.24e-06,40,72,3.9984
